code,name
af,Afrikaans
ak,Akan
am,Amharic
ar,Arabic
as,Assamese
az,Azerbaijani
be,Belarusian
bg,Bulgarian
bm,Bambara
bn,Bengali
bo,Tibetan
br,Breton
bs,Bosnian
ca,Catalan
cs,Czech
cy,Welsh
da,Danish
de,German
dz,Dzongkha
ee,Ewe
el,Greek
en,English
eo,Esperanto
es,Spanish
et,Estonian
eu,Basque
fa,Persian
ff,Fulah
fi,Finnish
fo,Faroese
fr,French
fy,"Western Frisian"
ga,Irish
gd,"Scottish Gaelic"
gl,Galician
gu,Gujarati
gv,Manx
ha,Hausa
he,Hebrew
hi,Hindi
hr,Croatian
hu,Hungarian
hy,Armenian
id,Indonesian
ig,Igbo
ii,"Sichuan Yi"
is,Icelandic
it,Italian
ja,Japanese
ka,Georgian
ki,Kikuyu
kk,Kazakh
kl,Kalaallisut
km,Khmer
kn,Kannada
ko,Korean
ks,Kashmiri
kw,Cornish
ky,Kyrgyz
lb,Luxembourgish
lg,Ganda
ln,Lingala
lo,Lao
lt,Lithuanian
lu,Luba-Katanga
lv,Latvian
mg,Malagasy
mk,Macedonian
ml,Malayalam
mn,Mongolian
mr,Marathi
ms,Malay
mt,Maltese
my,Burmese
nb,"Norwegian Bokmål"
nd,"North Ndebele"
ne,Nepali
nl,Dutch
nn,"Norwegian Nynorsk"
no,Norwegian
om,Oromo
or,Oriya
os,Ossetic
pa,Punjabi
pl,Polish
ps,Pashto
pt,Portuguese
qu,Quechua
rm,Romansh
rn,Rundi
ro,Romanian
ru,Russian
rw,Kinyarwanda
se,"Northern Sami"
sg,Sango
sh,Serbo-Croatian
si,Sinhala
sk,Slovak
sl,Slovenian
sn,Shona
so,Somali
sq,Albanian
sr,Serbian
sv,Swedish
sw,Swahili
ta,Tamil
te,Telugu
th,Thai
ti,Tigrinya
tl,Tagalog
to,Tongan
tr,Turkish
ug,Uyghur
uk,Ukrainian
ur,Urdu
uz,Uzbek
vi,Vietnamese
yi,Yiddish
yo,Yoruba
zh,Chinese
zu,Zulu
