first_name,last_name,merchant_email,merchant_name,merchant_description,office_contact_number,city,country,commission,currency,address_line_1,address_line_2,opens_at,closes_at,active_days,categories
Todd,Hatfield,yrangel@example.net,Logan,merchant_email,704987468,Jitpur,Afghanistan,0.1,AFN,246 Pamela Parkways Suite 420,Suite 040,00:46:20,21:10:09,"Tuesday, Wednesday, Saturday, Sunday, Friday",Agriculture and Environment
Gregory,Cabrera,robertharrison@example.org,Hatfield,yrangel@example.net,17963791130,Ghorahi,Aland Islands,0.3,EUR,159 Samantha Knolls,Apt. 007,01:52:35,20:17:49,"Thursday, Tuesday, Wednesday, Monday, Friday",Beauty and Cosmetics
Joseph,Johnson,fieldscindy@example.net,Cabrera,robertharrison@example.org,47680517544,Dharan,Albania,0.5,ALL,59004 Smith Ports Suite 525,Apt. 509,14:11:49,19:27:01,"Friday, Wednesday, Thursday, Tuesday, Saturday",Business
Nathaniel,Barnett,latasha55@example.com,Johnson,fieldscindy@example.net,7.62E+12,Janakpur,Algeria,0.3,DZD,36913 Emma Place Apt. 167,Apt. 371,18:06:56,21:20:39,"Sunday, Wednesday, Friday, Monday, Thursday",Charity and Voluntary Work
Sara,Logan,joshuatorres@example.com,Barnett,latasha55@example.com,51026397,Hetauda,Andorra,0.5,USD,41889 Chambers Stream Apt. 915,Apt. 658,11:52:02,13:18:35,"Saturday, Wednesday, Sunday, Monday, Tuesday",Consulting and Management
Victoria,Romero,millerjuan@example.com,Logan,joshuatorres@example.com,7.08E+11,Kirtipur,Angola,0.4,AOA,95149 Robert Pines Apt. 802,Suite 751,07:33:24,18:58:13,"Friday, Saturday, Wednesday, Tuesday, Sunday",Creative Arts and Design
Jeffrey,Rodriguez,trevorsmith@example.org,Romero,millerjuan@example.com,5.61E+13,Godawari,Anguilla,0.3,XCD,01811 Hamilton Extension,Apt. 730,09:52:39,10:40:27,"Tuesday, Saturday, Thursday, Sunday, Friday",Education
Amanda,Chen,fwhitaker@example.org,Rodriguez,trevorsmith@example.org,2.47E+12,Siraha,Argentina,0.174607888,ARS,299 James Spur,Suite 827,01:05:40,04:28:42,"Saturday, Tuesday, Friday, Monday, Wednesday",Energy and Utilities
John,Dawson,watkinsjohn@example.org,Chen,fwhitaker@example.org,80637109667,Itahari,Armenia,0.463503575,AMD,57452 Chase Mission Suite 469,Suite 940,18:12:01,20:04:33,"Friday, Monday, Tuesday, Thursday, Saturday",Engineering and Manufacturing
Sharon,Page,pyoung@example.org,Dawson,watkinsjohn@example.org,5.52E+11,Nepalganj,Aruba,0.166539791,AWG,5313 Evans Pine,Apt. 762,09:25:14,04:41:47,"Monday, Thursday, Wednesday, Friday, Sunday",Finance
Michelle,Daniels,sturner@example.net,Page,pyoung@example.org,4.65E+11,Tilakpur,Australia,0.493043944,AUD,64017 Boyer Canyon,Apt. 569,10:39:14,01:14:04,"Saturday, Tuesday, Wednesday, Friday, Sunday",Freelance
Emily,Wagner,williamross@example.org,Daniels,sturner@example.net,7237205960,Tilakpur,Austria,0.265578602,AZN,981 Lewis Manors Apt. 942,Suite 499,14:13:33,13:52:58,"Saturday, Thursday, Wednesday, Sunday, Friday",Grocery
Tina,Barajas,lguerrero@example.org,Wagner,williamross@example.org,1.97E+13,Tulsipur,Azerbaijan,0.355702534,BSD,92421 Steven Prairie Apt. 737,Suite 228,23:05:39,08:11:13,"Thursday, Sunday, Wednesday, Monday, Tuesday",Healthcare
Donald,Nelson,jessica23@example.org,Barajas,lguerrero@example.org,991879822,Kalaiya,Bahrain,0.498264118,BHD,508 Tommy Walks,Suite 660,22:51:42,18:20:46,"Sunday, Friday, Thursday, Wednesday, Monday",Hospitality and Events
Joe,Guzman,donaldpowell@example.net,Nelson,jessica23@example.org,8.95E+12,Hanumannagar,Bangladesh,0.266867038,BDT,55285 Thompson Alley Apt. 123,Suite 163,15:45:03,17:36:52,"Friday, Saturday, Tuesday, Thursday, Sunday",Information Technology
Joseph,Hall,candacebrown@example.org,Guzman,donaldpowell@example.net,3.17E+12,Palpa,Barbados,0.38529399,BBD,0395 Stone Lodge Suite 008,Suite 995,02:20:21,18:36:52,"Sunday, Monday, Saturday, Thursday, Wednesday",Law
Christopher,Anderson,richard90@example.org,Hall,candacebrown@example.org,4.20E+13,Panauti,Belarus,0.291335875,BYN,231 Morgan Lodge Apt. 535,Suite 234,14:50:33,00:20:56,"Sunday, Wednesday, Friday, Saturday, Thursday",Law Enforcement and Security
Stephanie,Mosley,linda23@example.net,Anderson,richard90@example.org,8.54E+12,Khadbari,Belgium,0.190662711,BZD,587 Ramirez Cape Suite 001,Suite 798,04:34:08,06:28:32,"Sunday, Thursday, Saturday, Monday, Friday",Logistics
Alyssa,Santiago,cmiller@example.net,Mosley,linda23@example.net,6413861582,Malangawa,Belize,0.166424592,XOF,039 Gordon Bypass,Apt. 475,06:19:23,20:17:52,"Friday, Wednesday, Monday, Thursday, Tuesday","Marketing, Advertising and PR"
Gerald,Whitney,jameshill@example.net,Santiago,cmiller@example.net,66836166434,Jaleshwar,Benin,0.106875143,BMD,1545 Alexa Trail,Suite 256,03:28:19,00:56:05,"Thursday, Saturday, Friday, Wednesday, Tuesday",Media
Kevin,Wolf,bwatson@example.net,Whitney,jameshill@example.net,4.70E+11,Ilam,Bermuda,0.454516552,INR,408 Swanson Skyway,Apt. 922,19:32:55,13:21:51,"Tuesday, Thursday, Monday, Wednesday, Sunday",Professional Training
Zachary,Horton,luissmith@example.com,Wolf,bwatson@example.net,29990732643,Ilam,Bhutan,0.470067389,BTN,7166 Foster Point,Suite 140,14:27:23,04:04:56,"Wednesday, Sunday, Friday, Saturday, Monday",Public Service
Elizabeth,Wright,brent41@example.org,Horton,luissmith@example.com,64895942723,Salyan,Bhutan,0.190172334,BOB,64926 Snow Way Apt. 495,Apt. 427,19:05:40,07:23:21,"Monday, Friday, Wednesday, Thursday, Tuesday",Real Estate
Daniel,Parker,amassey@example.net,Wright,brent41@example.org,9.01E+13,Kisanpur,Botswana,0.475391573,BOV,4159 Stevenson Shores Suite 196,Apt. 082,19:54:20,04:20:03,"Sunday, Friday, Wednesday, Saturday, Tuesday",Recruitment and HR
James,Alexander,msmith@example.com,Parker,amassey@example.net,6.07E+13,Manakamana,Brazil,0.303173237,BAM,327 Jennifer Hill,Apt. 284,19:47:16,14:18:22,"Wednesday, Sunday, Friday, Saturday, Tuesday",Rental
James,Stewart,danielhawkins@example.org,Alexander,msmith@example.com,6541156510,Jumla,Brunei Darussalam,0.379162288,BWP,3331 Parker Divide Apt. 305,Apt. 312,05:48:42,10:43:36,"Wednesday, Tuesday, Friday, Sunday, Saturday",Sales
Annette,Fletcher,alan49@example.com,Stewart,danielhawkins@example.org,40422587,Bhimphedi,Bulgaria,0.496864016,NOK,848 Peterson Groves Suite 479,Apt. 116,14:35:02,14:31:34,"Monday, Friday, Tuesday, Saturday, Wednesday",Science
Tonya,Morgan,gthornton@example.net,Fletcher,alan49@example.com,31185550,Kathmandu,Burkina Faso,0.243028845,BRL,9533 Emily Walks Suite 633,Apt. 310,06:59:49,23:57:44,"Sunday, Wednesday, Saturday, Thursday, Tuesday",Sports
Michael,Perry,james45@example.org,Morgan,gthornton@example.net,99573081,Bharatpur,Burundi,0.346534996,BND,0285 Douglas Fords,Suite 983,07:06:46,14:17:56,"Friday, Tuesday, Saturday, Monday, Sunday",Tourism
Ernest,Weaver,georgewendy@example.org,Perry,james45@example.org,6.95E+11,Bharatpur,Cambodia,0.139106903,BGN,9781 Jimmy Pike Suite 944,Apt. 674,13:12:45,12:30:58,"Saturday, Friday, Sunday, Monday, Wednesday",Transportation
Kevin,Marquez,rasmussenchris@example.org,Weaver,georgewendy@example.org,3.68E+11,Bhaktapur,Cameroon,0.339388386,BIF,3862 Brett Pines Suite 062,Suite 632,02:45:59,15:42:05,"Saturday, Sunday, Tuesday, Wednesday, Thursday",Repair and Installation
Ashley,Smith,jhays@example.com,Marquez,rasmussenchris@example.org,3980154130,Sydney,Canada,0.139584767,CVE,05159 Cardenas Crossroad Apt. 197,Apt. 040,03:52:37,00:45:01,"Wednesday, Monday, Saturday, Friday, Sunday",Veterinary
Jessica,Perez,douglaslogan@example.com,Smith,jhays@example.com,9.96E+12,Bidur,Chad,0.271496028,KHR,257 John Cape Suite 220,Apt. 939,05:25:04,15:45:02,"Friday, Saturday, Tuesday, Sunday, Thursday",Salon
Lisa,Brown,michaelmcbride@example.com,Perez,douglaslogan@example.com,42180800,Bidur,Chile,0.431720216,XAF,75697 Cohen Coves,Suite 566,18:09:00,12:17:18,"Sunday, Tuesday, Monday, Friday, Saturday",Parlour and Make up
Eric,Crawford,david49@example.com,Brown,michaelmcbride@example.com,37819557,Baglung,Chile,0.271371968,CAD,4774 Susan Ford Apt. 315,Apt. 238,07:13:00,14:27:36,"Thursday, Tuesday, Wednesday, Sunday, Friday",Massage and Spa
Justin,Smith,gutierrezbrandon@example.com,Crawford,david49@example.com,6.41E+12,Biratnagar,China,0.294092518,KYD,2369 Christine Courts,Apt. 403,12:56:18,04:54:37,"Thursday, Saturday, Sunday, Friday, Tuesday",Delivery
Jose,Ramirez,waustin@example.com,Smith,gutierrezbrandon@example.com,18651945,Bandipur,Christmas Island,0.230182984,CLP,85321 Howard Key Apt. 097,Apt. 809,04:47:39,07:51:32,"Friday, Sunday, Wednesday, Monday, Tuesday",Courier
Rachel,Owens,jeremygonzalez@example.net,Ramirez,waustin@example.com,39646707,Bandipur,Colombia,0.488187176,CLF,04559 Sullivan Course,Apt. 917,03:13:55,17:52:06,"Thursday, Monday, Saturday, Wednesday, Friday",Postal Service
Dana,Grant,jennifer86@example.net,Owens,jeremygonzalez@example.net,1.03E+12,Dadeldhura,Colombia,0.12093486,CNY,4370 Smith Mountains,Suite 834,13:33:06,10:13:42,"Saturday, Sunday, Monday, Tuesday, Thursday",Driving Training
Cassie,Snyder,acastro@example.org,Grant,jennifer86@example.net,2.44E+13,Butwal,Costa Rica,0.284539381,COP,79332 Glenn River Suite 369,Apt. 157,00:09:52,18:49:42,"Sunday, Thursday, Friday, Monday, Tuesday",Bar and Barista Training
Amy,Cabrera,scottyoung@example.com,Snyder,acastro@example.org,6.20E+13,Dhangadhi,Croatia,0.138541587,COU,11504 Nicholas Manor Apt. 471,Apt. 089,08:11:56,04:26:27,"Friday, Saturday, Monday, Tuesday, Wednesday",Digital Marketing Training
Michael,Arroyo,dpowell@example.org,Cabrera,scottyoung@example.com,3439095725,Achham,Cuba,0.121974442,KMF,00021 Maria Streets Suite 018,Suite 029,18:02:14,01:56:09,"Tuesday, Saturday, Monday, Friday, Sunday",IT Training
Zachary,Turner,kylehaley@example.org,Arroyo,dpowell@example.org,44192509,"Chaurpati, Achham",Cuba,0.289974293,CDF,3383 Brian Cove,Suite 726,08:21:51,23:27:44,"Tuesday, Sunday, Saturday, Thursday, Monday",Hardware Training
Richard,Norman,ggomez@example.net,Turner,kylehaley@example.org,88994399965,"Srikot, Achham",Cyprus,0.480509432,NZD,27353 Teresa Pine Suite 725,Apt. 680,05:26:03,17:14:00,"Sunday, Wednesday, Tuesday, Monday, Friday",Plumbing Training
Kimberly,Ryan,deborah35@example.org,Norman,ggomez@example.net,10116365,"Thanti, Achham",Denmark,0.406515541,CRC,358 Flores Spurs,Suite 540,14:29:01,23:49:30,"Wednesday, Tuesday, Friday, Monday, Saturday",Machine Repair Training
Stephanie,Hensley,thawkins@example.com,Ryan,deborah35@example.org,857012591,"Mellekh, Achham",Djibouti,0.46991629,HRK,0038 Hall Springs Suite 721,Suite 275,18:46:35,22:49:18,"Tuesday, Sunday, Friday, Saturday, Monday",Bio-medical Equipment Training
Alan,Bryant,xmack@example.com,Hensley,thawkins@example.com,22864997,"Bayalpata, Achham",Dominica,0.31513337,CUP,5917 Nelson Terrace,Suite 174,08:32:39,19:17:42,"Thursday, Saturday, Monday, Friday, Wednesday",Electrician Training
Frank,Montoya,lauriegarcia@example.com,Bryant,xmack@example.com,1.78E+13,"Bhatakatiya, Achham",Ecuador,0.373037103,CUC,939 Fuentes Islands,Suite 440,07:57:35,06:14:18,"Sunday, Friday, Wednesday, Saturday, Thursday",Vehicle Rental
Billy,Taylor,kimsmith@example.org,Montoya,lauriegarcia@example.com,5.85E+12,"Jayagadh, Achham",Egypt,0.320118067,ANG,9918 Amanda Cape,Apt. 810,21:16:50,12:14:38,"Monday, Thursday, Saturday, Friday, Sunday",Real Estate Rental
Amy,Jacobs,troy12@example.net,Taylor+E51:F92,kimsmith@example.org,281615918,"Kalagaun, Achham",El Salvador,0.105659443,CZK,14419 Rogers Avenue Suite 310,Apt. 698,01:38:58,01:07:30,"Thursday, Saturday, Monday, Wednesday, Tuesday",Goods Rental
Elizabeth,Fowler,margaretwilliams@example.org,Jacobs,troy12@example.net,9504817434,"Kuchikot, Achham",El Salvador,0.44558636,DKK,3838 Nicholas Park Suite 263,Apt. 919,07:24:10,02:04:44,"Thursday, Sunday, Friday, Monday, Wednesday",Home Appliances Repair
Lauren,Perry,nancy18@example.net,Fowler,margaretwilliams@example.org,698940002,"Kamal bazar, Achham",Equatorial Guinea,0.35314487,DJF,7559 Joseph Springs,Suite 665,02:12:18,22:00:01,"Sunday, Friday, Wednesday, Saturday, Thursday",Vehicle Repair and Servicing
Michael,Nunez,wilsonkimberly@example.com,Perry,nancy18@example.net,7.52E+12,"Kamal bazar, Achham",Eritrea,0.293978514,DOP,843 Sarah River Suite 552,Suite 157,02:48:07,16:48:30,"Thursday, Friday, Sunday, Monday, Wednesday",Home Renovation and Repair
Jennifer,Morton,jonessarah@example.org,Nunez,wilsonkimberly@example.com,19685230120,"Turmakhad, Achham",Estonia,0.403548081,EGP,9740 Hines Corners Apt. 918,Apt. 454,06:43:20,10:02:10,"Wednesday, Friday, Monday, Sunday, Tuesday",IT Training
Gregory,Cisneros,carrwendy@example.net,Morton,jonessarah@example.org,5.95E+12,Arghakhanchi,Ethiopia,0.356824922,SVC,1122 Larry Island,Apt. 735,19:03:34,12:29:11,"Wednesday, Tuesday, Monday, Friday, Thursday",Hardware Training
Carla,Melendez,christopherjohnson@example.net,Cisneros,carrwendy@example.net,415746380,"Balkot, Arghakhanchi",Fiji,0.16882538,ERN,387 Davis Plains Suite 477,Apt. 289,05:00:15,18:25:38,"Saturday, Sunday, Thursday, Monday, Friday",Plumbing Training
David,Williams,kmerritt@example.net,Melendez,christopherjohnson@example.net,5.79E+11,"Arghatosh, Arghakhanchi",Finland,0.251220794,SZL,6127 Trujillo Valley,Apt. 391,02:25:36,04:28:47,"Tuesday, Monday, Saturday, Thursday, Friday",Machine Repair Training
Summer,Osborne,matthew35@example.net,Williams,kmerritt@example.net,740487479,"Khana, Arghakhanchi",France,0.457779083,ETB,1228 Amanda Isle,Suite 350,12:39:22,13:16:38,"Friday, Monday, Saturday, Wednesday, Tuesday",Bio-medical Equipment Training
Daniel,Savage,bergerangela@example.com,Osborne,matthew35@example.net,96023239,"Wangla, Arghakhanchi",French Guiana,0.311751524,FKP,77902 Richards Neck Suite 000,Apt. 229,00:04:44,02:55:18,"Saturday, Sunday, Wednesday, Monday, Friday",Electrician Training
Norman,Grant,angelamckenzie@example.net,Savage,bergerangela@example.com,7.32E+11,"Wangla, Arghakhanchi",French Polynesia,0.453464971,FJD,495 Kyle Parkway Suite 821,Apt. 886,14:48:57,09:31:16,"Saturday, Friday, Tuesday, Sunday, Monday",Vehicle Rental
Jillian,Washington,paulsingleton@example.com,Grant,angelamckenzie@example.net,16621431380,"Thada, Arghakhanchi",Gabon,0.49565671,XPF,5073 Floyd Greens,Suite 429,13:01:00,12:37:53,"Thursday, Tuesday, Friday, Wednesday, Monday",Real Estate Rental
John,Benton,wrussell@example.net,Washington,paulsingleton@example.com,2.24E+12,"Khilji, Arghakhanchi",Georgia,0.252827944,GMD,445 Walker Parkway Apt. 345,Suite 544,20:04:31,22:30:47,"Tuesday, Sunday, Friday, Saturday, Wednesday",Goods Rental
Donna,Myers,brianfoster@example.net,Benton,wrussell@example.net,1.91E+11,"Khidim, Arghakhanchi",Germany,0.30253182,GEL,13839 Mary Freeway,Apt. 732,18:16:30,12:23:16,"Thursday, Sunday, Friday, Wednesday, Tuesday",Home Appliances Repair
John,Freeman,markperez@example.org,Myers,brianfoster@example.net,149699787,"Pali, Arghakhanchi",Ghana,0.455052438,GHS,4841 Bailey Square,Apt. 485,14:12:08,01:13:27,"Tuesday, Sunday, Monday, Friday, Wednesday",Vehicle Repair and Servicing
Wayne,Carter,kingmary@example.net,Freeman,markperez@example.org,183311550,"Dhikura, Arghakhanchi",Gibraltar,0.242831811,GIP,223 Jefferson Points,Apt. 050,10:46:59,01:02:17,"Monday, Wednesday, Thursday, Tuesday, Saturday",Home Renovation and Repair
Jonathan,Sullivan,ssmith@example.net,Carter,kingmary@example.net,5.26E+13,"Argha, Arghakhanchi",Greece,0.49149404,GTQ,64921 Natasha Walk Apt. 009,Suite 048,06:20:36,20:09:14,"Sunday, Saturday, Wednesday, Monday, Thursday",Hardware Training
Amber,Edwards,llambert@example.com,Sullivan,ssmith@example.net,40310651,"Argha, Arghakhanchi",Greenland,0.401330065,GBP,90940 Glenn Lodge Apt. 926,Apt. 434,09:21:24,03:41:32,"Sunday, Thursday, Wednesday, Monday, Saturday",Plumbing Training
Anthony,Carter,nwilson@example.net,Edwards,llambert@example.com,2.00E+13,"Pala, Baglung",Grenada,0.473348419,GNF,96877 Delgado Flat,Apt. 675,22:25:44,20:44:56,"Sunday, Wednesday, Tuesday, Thursday, Monday",Machine Repair Training
Jacob,Murillo,alanbrown@example.org,Carter,nwilson@example.net,8233067470,"Bihukot, Baglung",Guadeloupe,0.175131337,GYD,725 Theodore Haven,Apt. 852,08:59:57,16:01:39,"Saturday, Wednesday, Sunday, Friday, Monday",Bio-medical Equipment Training
Karen,Thomas,stephen39@example.org,Murillo,alanbrown@example.org,1.26E+13,"Harichaur, Baglung",Guam,0.252644898,HTG,25046 Miller Well Apt. 016,Suite 713,07:11:48,07:08:05,"Saturday, Tuesday, Friday, Sunday, Wednesday",Electrician Training
Roberto,Hall,tonyroman@example.org,Thomas,stephen39@example.org,2.84E+11,"Balewa Payupata, Baglung",Guatemala,0.114915661,HNL,7560 Silva Mount,Suite 555,17:45:41,11:59:07,"Monday, Sunday, Friday, Thursday, Tuesday",Vehicle Rental
Chris,Butler,paulthompson@example.com,Hall,tonyroman@example.org,3.08E+11,"Jaidi Belbagar, Baglung",Guernsey,0.117980657,HKD,178 Jennifer Glens Apt. 379,Apt. 667,19:54:33,09:54:31,"Friday, Tuesday, Saturday, Monday, Thursday",Real Estate Rental
Nathan,Howell,vrobertson@example.com,Butler,paulthompson@example.com,6.06E+11,"Bereng, Baglung",Guinea,0.268959778,HUF,867 Dillon Overpass Suite 258,Suite 601,02:51:49,18:15:21,"Sunday, Saturday, Friday, Thursday, Tuesday",Goods Rental
Sarah,Boyer,riostrevor@example.com,Howell,vrobertson@example.com,4.84E+12,"Galkot, Baglung",Guyana,0.193956388,ISK,5728 Brock Ways Apt. 390,Suite 596,08:28:34,00:59:12,"Sunday, Thursday, Saturday, Wednesday, Monday",Home Appliances Repair
Melissa,Hill,gloria36@example.com,Boyer,riostrevor@example.com,4.42E+11,"Pandavkhani, Baglung",Haiti,0.462556637,IDR,171 Justin Views,Suite 188,09:02:49,10:15:38,"Monday, Sunday, Thursday, Saturday, Wednesday",Vehicle Repair and Servicing
Stacey,Williams,fparker@example.org,Hill,gloria36@example.com,8.77E+13,"Arnakot, Baglung",Haiti,0.122874935,XDR,5865 Mcclain Squares,Apt. 572,16:44:00,05:48:37,"Thursday, Tuesday, Friday, Monday, Saturday",Home Renovation and Repair
Nicole,Jones,gouldkeith@example.com,Williams,fparker@example.org,94038421,"Khrwang, Baglung",Honduras,0.101775748,IRR,6414 Christian Extension Apt. 104,Apt. 812,09:02:18,15:26:05,"Monday, Thursday, Friday, Sunday, Saturday",Media
Mark,Ferrell,vanessamoore@example.com,Jones,gouldkeith@example.com,23508738693,"Bongadovan, Baglung",Hong Kong,0.178013484,IQD,52938 Osborne Grove,Suite 557,20:32:22,22:51:48,"Wednesday, Monday, Tuesday, Saturday, Thursday",Professional Training
Bradley,Carroll,timothy57@example.net,Ferrell,vanessamoore@example.com,5.98E+12,"Jhimpa, Baglung",Hungary,0.316752806,ILS,9172 Smith Mountains Apt. 046,Suite 492,17:22:02,19:13:35,"Saturday, Tuesday, Wednesday, Friday, Sunday",Public Service
Christopher,Buck,kevin73@example.net,Carroll,timothy57@example.net,60420710382,"Kusmi Shera, Baglung",Iceland,0.417562287,JMD,70881 Nguyen Wall Apt. 817,Suite 312,07:49:33,14:26:17,"Sunday, Friday, Saturday, Wednesday, Tuesday",Real Estate
Linda,Castaneda,lisa93@example.com,Buck,kevin73@example.net,37078660,"Kusmi Shera, Baglung",India,0.321040965,JPY,6466 Mccarty Corner,Suite 201,05:08:07,10:49:01,"Wednesday, Monday, Sunday, Saturday, Thursday",Recruitment and HR
Jasmine,Reed,sotocasey@example.com,Castaneda,lisa93@example.com,948565487,"Kesharpur, Baitadi",Indonesia,0.135177966,JOD,156 Nicole Circle,Apt. 132,13:01:55,18:06:05,"Saturday, Monday, Sunday, Tuesday, Friday",Rental
Ashley,Clark,stephaniebautista@example.net,Reed,sotocasey@example.com,1.74E+11,"Patan, Baitadi",Iraq,0.310692135,KZT,946 Warner Mall,Apt. 270,22:43:48,20:05:33,"Tuesday, Friday, Sunday, Saturday, Wednesday",Sales
Angela,Calderon,danielle21@example.net,Clark,stephaniebautista@example.net,1.71E+12,"Khodpe, Baitadi",Ireland,0.415722447,KES,263 Vasquez Port Suite 213,Suite 571,03:37:35,17:51:24,"Thursday, Friday, Tuesday, Sunday, Saturday",Science
Lindsey,Burns,amanda15@example.org,Calderon,danielle21@example.net,3.72E+13,"Mulkhatali, Baitadi",Israel,0.446813617,KPW,91272 Chang Cliff Apt. 145,Suite 276,09:12:53,21:57:32,"Friday, Wednesday, Sunday, Thursday, Saturday",Sports
Sheri,Stanley,robert59@example.com,Burns,amanda15@example.org,5178961795,"Gajari Changgad, Baitadi",Italy,0.265339839,KRW,63887 Teresa Islands Suite 941,Apt. 723,03:05:47,19:55:59,"Saturday, Tuesday, Sunday, Friday, Wednesday",Tourism
Candice,Golden,blakehansen@example.net,Stanley,robert59@example.com,4736235553,"Dehimandau, Baitadi",Jamaica,0.188219141,KWD,069 Burns Village Suite 329,Apt. 686,14:34:55,07:12:33,"Saturday, Tuesday, Thursday, Wednesday, Monday",Transportation
Cynthia,Drake,kyle78@example.net,Golden,blakehansen@example.net,9.62E+12,"Sharmali, Baitadi",Japan,0.486020627,KGS,38387 Stephen Highway Suite 847,Suite 940,08:39:57,18:26:37,"Sunday, Saturday, Tuesday, Friday, Wednesday",Repair and Installation
Meghan,Bender,kimberly85@example.com,Drake,kyle78@example.net,36876068,"Srikot, Baitadi",Jersey,0.48495099,LAK,24757 Hudson Ramp,Suite 368,22:58:29,16:58:00,"Sunday, Thursday, Friday, Saturday, Tuesday",Veterinary
Brittney,Brown,zbishop@example.org,Bender,kimberly85@example.com,54754357617,"Dilasaini, Baitadi",Jordan,0.405858414,LBP,45018 Quinn Skyway,Apt. 120,15:04:39,04:40:19,"Monday, Tuesday, Thursday, Wednesday, Sunday",Salon
Laura,Ryan,mooreblake@example.org,Brown,zbishop@example.org,8775680919,"Swopana Taladehi, Baitadi",Kazakhstan,0.309218957,LSL,822 Stanley Greens,Suite 526,23:57:23,17:18:57,"Wednesday, Saturday, Friday, Monday, Tuesday",Parlour and Make up
Debra,Brandt,cannonjames@example.net,Ryan,mooreblake@example.org,72177239375,"Purchaudihat, Baitadi",Kenya,0.128316151,ZAR,253 Donna Plain,Suite 156,08:59:58,08:57:04,"Monday, Friday, Tuesday, Wednesday, Saturday",Massage and Spa
Michael,Brown,clove@example.com,Brandt,cannonjames@example.net,6.90E+12,"Sitad, Baitadi",Kiribati,0.266332956,LRD,30591 Perez Estate Suite 295,Suite 264,22:59:04,11:02:21,"Friday, Thursday, Saturday, Tuesday, Monday",Delivery
Jared,Young,washingtonbenjamin@example.net,Brown,clove@example.com,2.79E+13,"Dhungad, Baitadi",Kuwait,0.136228878,LYD,62042 Martinez Trail,Apt. 370,04:24:26,13:34:31,"Saturday, Monday, Wednesday, Sunday, Friday",Courier
Patrick,Levine,crystal64@example.org,Young,washingtonbenjamin@example.net,88523431004,Bajhang,Kyrgyzstan,0.335550231,CHF,3022 Caleb Station,Suite 540,10:52:33,00:18:07,"Tuesday, Sunday, Friday, Saturday, Monday",Postal Service
Susan,Ramsey,averyjohn@example.com,Levine,crystal64@example.org,5.34E+11,"Talkot, Bajhang",Latvia,0.171622168,MOP,61502 Morris Expressway Apt. 157,Apt. 462,01:16:28,07:54:41,"Friday, Wednesday, Saturday, Tuesday, Monday",Driving Training
Amanda,Thompson,johnsonjohn@example.com,Ramsey,averyjohn@example.com,3557341700,"Jamatola, Bajhang",Lebanon,0.286755434,MKD,166 Ross Ranch,Suite 057,22:03:40,23:22:20,"Wednesday, Sunday, Friday, Saturday, Tuesday",Bar and Barista Training
Anthony,Stark,robertcooper@example.org,Thompson,johnsonjohn@example.com,8637924426,"Jaya Prithivi Nagar, Bajhang",Lesotho,0.393113242,MGA,43514 Joel Bridge,Apt. 533,14:10:31,13:22:27,"Sunday, Saturday, Tuesday, Wednesday, Monday",Digital Marketing Training
Donna,Dennis,jill19@example.org,Stark,robertcooper@example.org,6.78E+12,"Chhanna, Bajhang",Lesotho,0.354238942,MWK,007 Boyle Track Suite 771,Suite 318,23:59:58,00:40:32,"Friday, Tuesday, Thursday, Sunday, Monday",IT Training
