codename,name,Superuser,Admin,Staff,Tasker,Finance,Legal
add_logentry,Can add log entry,1,0,0,0,,
change_logentry,Can change log entry,1,0,0,0,,
delete_logentry,Can delete log entry,1,0,0,0,,
view_logentry,Can view log entry,1,1,1,0,,
add_permission,Can add permission,1,1,0,0,,
change_permission,Can change permission,1,0,0,0,,
delete_permission,Can delete permission,1,0,0,0,,
view_permission,Can view permission,1,1,1,1,,
add_group,Can add group,1,1,0,0,,
change_group,Can change group,1,1,0,0,,
delete_group,Can delete group,1,0,0,0,,
view_group,Can view group,1,1,1,0,,
add_contenttype,Can add content type,1,1,1,0,,
change_contenttype,Can change content type,1,1,0,0,,
delete_contenttype,Can delete content type,1,1,0,0,,
view_contenttype,Can view content type,1,1,1,0,,
add_session,Can add session,1,1,0,0,,
change_session,Can change session,1,1,0,0,,
delete_session,Can delete session,1,0,0,0,,
view_session,Can view session,1,1,0,0,,
add_user,Can add user,1,1,0,0,,
change_user,Can change user,1,1,0,0,,
delete_user,Can delete user,1,0,0,0,,
view_user,Can view user,1,1,0,0,,
add_ipmodel,Can add IpModel,1,1,0,0,,
change_ipmodel,Can change IpModel,1,1,0,0,,
delete_ipmodel,Can delete IpModel,1,0,0,0,,
view_ipmodel,Can view IpModel,1,1,0,0,,
add_blogtype,Can add blog type,1,1,0,0,,
change_blogtype,Can change blog type,1,1,0,0,,
delete_blogtype,Can delete blog type,1,1,0,0,,
view_blogtype,Can view blog type,1,1,0,0,,
add_blog,Can add Blog,1,1,0,0,,
change_blog,Can change Blog,1,1,0,0,,
delete_blog,Can delete Blog,1,1,0,0,,
view_blog,Can view Blog,1,1,1,1,,
add_draft,Can add Draft,1,1,0,0,,
change_draft,Can change Draft,1,1,0,0,,
delete_draft,Can delete Draft,1,1,0,0,,
view_draft,Can view Draft,1,1,0,0,,
add_comment,Can add Comment,1,1,1,1,,
change_comment,Can change Comment,1,1,1,1,,
delete_comment,Can delete Comment,1,1,1,1,,
view_comment,Can view Comment,1,1,1,1,,
add_vacancy,Can add Vacancy,1,1,0,0,,
change_vacancy,Can change Vacancy,1,1,0,0,,
delete_vacancy,Can delete Vacancy,1,1,0,0,,
view_vacancy,Can view Vacancy,1,1,1,1,,
add_inquiry,Can add inquiry,1,1,1,1,,
change_inquiry,Can change inquiry,1,1,0,0,,
delete_inquiry,Can delete inquiry,1,1,0,0,,
view_inquiry,Can view inquiry,1,1,0,0,,
add_todo,Can add todo,1,1,1,1,,
change_todo,Can change todo,1,1,1,1,,
delete_todo,Can delete todo,1,1,1,1,,
view_todo,Can view todo,1,1,1,1,,
add_candidate,Can add Candidate,1,1,1,1,,
change_candidate,Can change Candidate,1,1,0,0,,
delete_candidate,Can delete Candidate,1,1,0,0,,
view_candidate,Can view Candidate,1,1,0,0,,
add_newsletter,Can add Newsletter,1,1,0,0,,
change_newsletter,Can change Newsletter,1,1,0,0,,
delete_newsletter,Can delete Newsletter,1,1,0,0,,
view_newsletter,Can view Newsletter,1,1,1,1,,
add_feedbackcategory,Can add Feedback Category,1,1,0,0,,
change_feedbackcategory,Can change Feedback Category,1,1,0,0,,
delete_feedbackcategory,Can delete Feedback Category,1,1,0,0,,
view_feedbackcategory,Can view Feedback Category,1,1,1,1,,
add_feedback,Can add Feedback,1,1,1,1,,
change_feedback,Can change Feedback,1,1,1,1,,
delete_feedback,Can delete Feedback,1,1,1,1,,
view_feedback,Can view Feedback,1,1,1,1,,
add_contactuscategory,Can add Contact Us Category,1,1,0,0,,
change_contactuscategory,Can change Contact Us Category,1,1,0,0,,
delete_contactuscategory,Can delete Contact Us Category,1,1,0,0,,
view_contactuscategory,Can view Contact Us Category,1,1,1,1,,
add_contactus,Can add Contact Us,1,1,1,1,,
change_contactus,Can change Contact Us,1,1,0,0,,
delete_contactus,Can delete Contact Us,1,1,0,0,,
view_contactus,Can view Contact Us,1,1,0,0,,
add_sitevisit,Can add SiteVisit,1,0,0,0,,
change_sitevisit,Can change SiteVisit,1,0,0,0,,
delete_sitevisit,Can delete SiteVisit,1,0,0,0,,
view_sitevisit,Can view SiteVisit,1,1,0,0,,
add_faqtopic,Can add faq topic,1,1,0,0,,
change_faqtopic,Can change faq topic,1,1,0,0,,
delete_faqtopic,Can delete faq topic,1,1,0,0,,
view_faqtopic,Can view faq topic,1,1,1,1,,
add_faq,Can add faq,1,1,1,1,,
change_faq,Can change faq,1,1,0,0,,
delete_faq,Can delete faq,1,1,0,0,,
view_faq,Can view faq,1,1,0,0,,
add_senderemail,Can add sender email,1,1,0,0,,
change_senderemail,Can change sender email,1,1,0,0,,
delete_senderemail,Can delete sender email,1,1,0,0,,
view_senderemail,Can view sender email,1,1,0,0,,
add_emailtemplate,Can add email template,1,1,0,0,,
change_emailtemplate,Can change email template,1,1,0,0,,
delete_emailtemplate,Can delete email template,1,1,0,0,,
view_emailtemplate,Can view email template,1,1,0,0,,
add_supporttickettype,Can add support ticket type,1,1,0,0,,
change_supporttickettype,Can change support ticket type,1,1,0,0,,
delete_supporttickettype,Can delete support ticket type,1,1,0,0,,
view_supporttickettype,Can view support ticket type,1,1,0,0,,
add_supportticket,Can add support ticket,1,1,0,0,,
change_supportticket,Can change support ticket,1,1,0,0,,
delete_supportticket,Can delete support ticket,1,1,0,0,,
view_supportticket,Can view support ticket,1,1,0,0,,
add_currency,Can add Currency,1,1,0,0,,
change_currency,Can change Currency,1,1,0,0,,
delete_currency,Can delete Currency,1,1,0,0,,
view_currency,Can view Currency,1,1,1,1,,
add_language,Can add Language,1,1,0,0,,
change_language,Can change Language,1,1,0,0,,
delete_language,Can delete Language,1,1,0,0,,
view_language,Can view Language,1,1,1,1,,
add_country,Can add Country,1,1,0,0,,
change_country,Can change Country,1,1,0,0,,
delete_country,Can delete Country,1,1,0,0,,
view_country,Can view Country,1,1,1,1,,
add_city,Can add City,1,1,0,0,,
change_city,Can change City,1,1,0,0,,
delete_city,Can delete City,1,0,0,0,,
view_city,Can view City,1,0,0,0,,
add_exchangerate,Can add ExchangeRate,1,0,0,0,,
change_exchangerate,Can change ExchangeRate,1,1,0,0,,
delete_exchangerate,Can delete ExchangeRate,1,0,0,0,,
view_exchangerate,Can view ExchangeRate,1,1,1,1,,
add_subscriptiontype,Can add SubscriptionType,1,1,0,0,,
change_subscriptiontype,Can change SubscriptionType,1,1,0,0,,
delete_subscriptiontype,Can delete SubscriptionType,1,0,0,0,,
view_subscriptiontype,Can view SubscriptionType,1,1,1,1,,
add_subscriptionplan,Can add SubscriptionPlan,1,1,0,0,,
change_subscriptionplan,Can change SubscriptionPlan,1,1,1,1,,
delete_subscriptionplan,Can delete SubscriptionPlan,1,0,1,1,,
view_subscriptionplan,Can view SubscriptionPlan,1,1,1,1,,
add_subscriptionlist,Can add SubscriptionList,1,1,0,0,,
change_subscriptionlist,Can change SubscriptionList,1,1,0,0,,
delete_subscriptionlist,Can delete SubscriptionList,1,0,0,0,,
view_subscriptionlist,Can view SubscriptionList,1,1,0,0,,
add_category,Can add category,1,1,0,0,,
change_category,Can change category,1,1,0,0,,
delete_category,Can delete category,1,0,0,0,,
view_category,Can view category,1,1,1,1,,
add_task,Can add Task,1,1,1,1,,
change_task,Can change Task,1,1,1,1,,
delete_task,Can delete Task,1,1,1,1,,
view_task,Can view Task,1,1,1,1,,
add_assigneetask,Can add AssigneeTask,1,1,0,0,,
change_assigneetask,Can change AssigneeTask,1,1,0,0,,
delete_assigneetask,Can delete AssigneeTask,1,1,0,0,,
view_assigneetask,Can view AssigneeTask,1,1,0,0,,
add_contracttype,Can add Contract Type,1,1,0,0,,
change_contracttype,Can change Contract Type,1,1,0,0,,
delete_contracttype,Can delete Contract Type,1,0,0,0,,
view_contracttype,Can view Contract Type,1,1,0,0,,
add_application,Can add Application,1,1,0,0,,
change_application,Can change Application,1,1,1,1,,
delete_application,Can delete Application,1,0,0,0,,
view_application,Can view Application,1,1,1,1,,
add_herocategory,Can add HeroCategory,1,1,0,0,,
change_herocategory,Can change HeroCategory,1,1,0,0,,
delete_herocategory,Can delete HeroCategory,1,0,0,0,,
view_herocategory,Can view HeroCategory,1,1,1,1,,
add_taskmedia,Can add TaskMedia,1,1,1,1,,
change_taskmedia,Can change TaskMedia,1,1,1,1,,
delete_taskmedia,Can delete TaskMedia,1,0,1,1,,
view_taskmedia,Can view TaskMedia,1,1,1,1,,
add_wishlist,Can add wish list,1,1,1,1,,
change_wishlist,Can change wish list,1,1,1,1,,
delete_wishlist,Can delete wish list,1,0,1,1,,
view_wishlist,Can view wish list,1,1,1,1,,
add_taskdetail,Can add Task Detail,1,1,1,1,,
change_taskdetail,Can change Task Detail,1,1,1,1,,
delete_taskdetail,Can delete Task Detail,1,0,1,1,,
view_taskdetail,Can view Task Detail,1,1,1,1,,
add_contracttemplate,Can add Contract Template,1,1,0,0,,
change_contracttemplate,Can change Contract Template,1,1,0,0,,
delete_contracttemplate,Can delete Contract Template,1,0,0,0,,
view_contracttemplate,Can view Contract Template,1,1,0,0,,
add_contract,Can add contract,1,1,1,1,,
change_contract,Can change contract,1,1,1,1,,
delete_contract,Can delete contract,1,0,1,1,,
view_contract,Can view contract,1,1,1,1,,
add_activehour,Can add active hour,1,1,1,1,,
change_activehour,Can change active hour,1,1,1,1,,
delete_activehour,Can delete active hour,1,0,1,1,,
view_activehour,Can view active hour,1,1,1,1,,
add_profile,Can add Profile,1,1,1,1,,
change_profile,Can change Profile,1,1,1,1,,
delete_profile,Can delete Profile,1,0,1,1,,
view_profile,Can view Profile,1,1,1,1,,
add_companyprofile,Can add CompanyProfile,1,1,1,1,,
change_companyprofile,Can change CompanyProfile,1,1,1,1,,
delete_companyprofile,Can delete CompanyProfile,1,0,1,1,,
view_companyprofile,Can view CompanyProfile,1,1,1,1,,
view_kycdocument,Can view KYCDocument,1,1,1,0,,
add_kycdocument,Can add KYCDocument,1,1,1,1,,
delete_kycdocument,Can delete KYCDocument,1,1,1,1,,
change_kycdocument,Can change KYCDocument,1,1,1,1,,
add_service,Can add Service,1,1,0,0,,
change_service,Can change Service,1,1,0,0,,
delete_service,Can delete Service,1,1,0,0,,
view_service,Can view Service,1,1,0,0,,
view_booking,Can view Booking,1,1,0,0,,
add_avatar,Can add Avatar,1,1,1,0,,
view_avatar,Can view Avatar,1,1,1,0,,
change_avatar,Can change Avatar,1,1,1,0,,
delete_avatar,Can delete Avatar,1,1,1,0,,
add_notice,Can add Notice,1,1,1,0,0,0
add_service_entity_from_cms,Can add entity service from cms,1,1,1,0,0,0
add_top_categories,Can add top categories,1,1,1,0,0,0
delete_top_categories,Can delete top categories,1,1,1,0,0,0
view_user_analytics,Can view user analytics,1,0,0,0,0,0
view_category_analytics,Can view category analytics,1,0,0,0,0,0
view_entityservice_analytics,Can view entity service analytics,1,0,0,0,0,0
view_task_analytics,Can view task analytics,1,0,0,0,0,0
view_booking_analytics,Can view booking analytics,1,0,0,0,0,0
view_offer_analytics,Can view offer analytics,1,0,0,0,0,0
view_payment_analytics,Can view payment analytics,1,0,0,0,0,0
,
