user_id,SKU,name,product_status,description,slug,price,stock_quantity,cost_price,local_currency_code,discount_per,is_active,shop,images,,,,,,,
71d29986-585c-4abc-a42b-89099b8567cf,SKU-48,Xbox Series X,Featured,"The fastest Xbox ever with 4K gaming, 120FPS, and backward compatibility.",product-48,225.56,22,50.56,ILS,25,FALSE,,,,,,,,,
None,SKU-69,Xbox Series X,Featured,"The fastest Xbox ever with 4K gaming, 120FPS, and backward compatibility.",product-69,225.56,37,81.1,GIP,15,TRUE,057801cd-8c6e-435d-a71f-6df160e67da7,,,,,,,Product Import Validation Rules,
a5a0a191-6baf-48c6-8e62-88f4cfd36fc3,SKU-82,Xbox Series X,Featured,"The fastest Xbox ever with 4K gaming, 120FPS, and backward compatibility.",product-82,656.45,42,81.1,MWK,15,FALSE,,,,,,,,Validation Rule,Description
71d29986-585c-4abc-a42b-89099b8567cf,SKU-89,Xbox Series X,General,"The fastest Xbox ever with 4K gaming, 120FPS, and backward compatibility.",product-89,85.32,21,50.56,SYP,20,TRUE,,,,,,,,User and Shop Reference Validation,Validates that the provided user_id and shop references exist in the database.
None,SKU-0,Sony WH-1000XM5,Sale,Premium noise-canceling headphones with 30-hour battery life and industry-leading sound quality.,product-0,656.45,16,81.1,PHP,5,FALSE,9c9bfb4f-eb92-4e8b-9c48-87d5d5c58fb8,,,,,,,SKU Uniqueness Check,Ensures the SKU is unique to prevent duplicate entries in the product database.
None,SKU-3,Sony WH-1000XM5,Sale,Premium noise-canceling headphones with 30-hour battery life and industry-leading sound quality.,product-3,456.1,46,75.45,INR,10,FALSE,9c9bfb4f-eb92-4e8b-9c48-87d5d5c58fb8,,,,,,,Category Assignment Based on Shop,"Assigns the product to the shop's category if a shop is provided; otherwise, sets the product category to None."
71d29986-585c-4abc-a42b-89099b8567cf,SKU-45,Sony A7 IV,Featured,A mirrorless camera with excellent autofocus and 33MP full-frame sensor.,product-45,656.45,14,81.1,BIF,15,FALSE,,,,,,,,User or Shop Presence Requirement,Requires either a user_id or shop to be provided for each product entry.
a5a0a191-6baf-48c6-8e62-88f4cfd36fc3,SKU-122,Sony A7 IV,Sale,A mirrorless camera with excellent autofocus and 33MP full-frame sensor.,product-122,656.45,24,50.56,BSD,25,TRUE,,,,,,,,Scenario 1: Both User and Shop Provided,"If both user_id and shop are provided, sets user_id to None, assigns the product to the shop, and ensures the shop owner"
4647166b-9be8-4cdc-a0ae-fc2bbf56fd21,SKU-141,Sony A7 IV,Featured,A mirrorless camera with excellent autofocus and 33MP full-frame sensor.,product-141,656.45,42,81.1,DJF,5,TRUE,057801cd-8c6e-435d-a71f-6df160e67da7,,,,,,,,
71d29986-585c-4abc-a42b-89099b8567cf,SKU-147,Sony A7 IV,General,A mirrorless camera with excellent autofocus and 33MP full-frame sensor.,product-147,225.56,19,50.56,SDG,10,TRUE,9c9bfb4f-eb92-4e8b-9c48-87d5d5c58fb8,,,,,,,,
71d29986-585c-4abc-a42b-89099b8567cf,SKU-28,Samsung QLED TV,Featured,A vibrant 4K TV with quantum dot technology and high brightness levels.,product-28,225.56,19,75.45,HRK,10,TRUE,057801cd-8c6e-435d-a71f-6df160e67da7,,,,,,,,
71d29986-585c-4abc-a42b-89099b8567cf,SKU-43,Samsung QLED TV,General,A vibrant 4K TV with quantum dot technology and high brightness levels.,product-43,225.56,26,82.32,KGS,30,FALSE,,,,,,,,,
a5a0a191-6baf-48c6-8e62-88f4cfd36fc3,SKU-118,Samsung QLED TV,Sale,A vibrant 4K TV with quantum dot technology and high brightness levels.,product-118,85.32,39,81.1,EGP,15,TRUE,,,,,,,,,
a5a0a191-6baf-48c6-8e62-88f4cfd36fc3,SKU-120,Samsung QLED TV,Featured,A vibrant 4K TV with quantum dot technology and high brightness levels.,product-120,656.45,2,50.56,BOV,15,TRUE,,,,,,,,,
None,SKU-7,Samsung Galaxy S23,Hot Deals,"A powerful Android smartphone with a Snapdragon 8 Gen 2 processor, 120Hz AMOLED display, and pro-grade camera.",product-7,225.56,40,50.56,NAD,25,FALSE,057801cd-8c6e-435d-a71f-6df160e67da7,,,,,,,,
a5a0a191-6baf-48c6-8e62-88f4cfd36fc6,SKU-35,Samsung Galaxy S23,Hot Deals,"A powerful Android smartphone with a Snapdragon 8 Gen 2 processor, 120Hz AMOLED display, and pro-grade camera.",product-35,85.32,40,75.45,PAB,10,FALSE,057801cd-8c6e-435d-a71f-6df160e67da7,,,,,,,,
71d29986-585c-4abc-a42b-89099b8567cf,SKU-46,Samsung Galaxy S23,Hot Deals,"A powerful Android smartphone with a Snapdragon 8 Gen 2 processor, 120Hz AMOLED display, and pro-grade camera.",product-46,85.32,14,81.1,GMD,20,TRUE,,,,,,,,,
71d29986-585c-4abc-a42b-89099b8567cf,SKU-77,Samsung Galaxy S23,Featured,"A powerful Android smartphone with a Snapdragon 8 Gen 2 processor, 120Hz AMOLED display, and pro-grade camera.",product-77,456.1,4,81.1,QAR,0,TRUE,,,,,,,,,
71d29986-585c-4abc-a42b-89099b8567cf,SKU-97,Samsung Galaxy S23,Featured,"A powerful Android smartphone with a Snapdragon 8 Gen 2 processor, 120Hz AMOLED display, and pro-grade camera.",product-97,456.1,36,81.1,UAH,5,FALSE,,,,,,,,,
71d29986-585c-4abc-a42b-89099b8567cf,SKU-134,Samsung Galaxy S23,Featured,"A powerful Android smartphone with a Snapdragon 8 Gen 2 processor, 120Hz AMOLED display, and pro-grade camera.",product-134,225.56,44,81.1,KES,0,TRUE,057801cd-8c6e-435d-a71f-6df160e67da7,,,,,,,,
71d29986-585c-4abc-a42b-89099b8567cf,SKU-49,Razer Blade 15,Featured,A high-performance gaming laptop with RTX graphics and a 240Hz display.,product-49,85.32,45,75.45,MYR,10,TRUE,,,,,,,,,
None,SKU-21,PlayStation 5,Sale,"Next-gen gaming console with ultra-fast SSD, ray tracing, and immersive haptic feedback.",product-21,656.45,19,81.1,GYD,10,TRUE,9c9bfb4f-eb92-4e8b-9c48-87d5d5c58fb8,,,,,,,,
a5a0a191-6baf-48c6-8e62-88f4cfd36fc8,SKU-37,PlayStation 5,Hot Deals,"Next-gen gaming console with ultra-fast SSD, ray tracing, and immersive haptic feedback.",product-37,85.32,11,50.56,BWP,0,TRUE,9c9bfb4f-eb92-4e8b-9c48-87d5d5c58fb8,,,,,,,,
71d29986-585c-4abc-a42b-89099b8567cf,SKU-68,PlayStation 5,Sale,"Next-gen gaming console with ultra-fast SSD, ray tracing, and immersive haptic feedback.",product-68,85.32,42,75.45,ARS,5,FALSE,,,,,,,,,
4647166b-9be8-4cdc-a0ae-fc2bbf56fd21,SKU-86,PlayStation 5,Featured,"Next-gen gaming console with ultra-fast SSD, ray tracing, and immersive haptic feedback.",product-86,656.45,16,50.56,COP,0,TRUE,,,,,,,,,
71d29986-585c-4abc-a42b-89099b8567cf,SKU-58,OnePlus 11,Sale,A premium Android phone with Hasselblad-tuned cameras and fast charging.,product-58,85.32,24,50.56,CZK,10,FALSE,,,,,,,,,
71d29986-585c-4abc-a42b-89099b8567cf,SKU-60,OnePlus 11,Hot Deals,A premium Android phone with Hasselblad-tuned cameras and fast charging.,product-60,656.45,25,75.45,KES,10,FALSE,,,,,,,,,
a5a0a191-6baf-48c6-8e62-88f4cfd36fc3,SKU-84,OnePlus 11,Hot Deals,A premium Android phone with Hasselblad-tuned cameras and fast charging.,product-84,225.56,37,50.56,KES,25,TRUE,,,,,,,,,
None,SKU-90,OnePlus 11,Featured,A premium Android phone with Hasselblad-tuned cameras and fast charging.,product-90,656.45,33,81.1,CHW,20,TRUE,057801cd-8c6e-435d-a71f-6df160e67da7,,,,,,,,
71d29986-585c-4abc-a42b-89099b8567cf,SKU-99,OnePlus 11,Hot Deals,A premium Android phone with Hasselblad-tuned cameras and fast charging.,product-99,225.56,22,81.1,HKD,20,FALSE,,,,,,,,,
a5a0a191-6baf-48c6-8e62-88f4cfd36fc3,SKU-102,OnePlus 11,Hot Deals,A premium Android phone with Hasselblad-tuned cameras and fast charging.,product-102,85.32,8,82.32,UYU,0,FALSE,,,,,,,,,
71d29986-585c-4abc-a42b-89099b8567cf,SKU-41,Nintendo Switch,Featured,"Hybrid gaming console with handheld and TV modes, featuring exclusive Nintendo games.",product-41,456.1,34,82.32,FJD,30,FALSE,057801cd-8c6e-435d-a71f-6df160e67da7,,,,,,,,
4647166b-9be8-4cdc-a0ae-fc2bbf56fd21,SKU-63,Nintendo Switch,Hot Deals,"Hybrid gaming console with handheld and TV modes, featuring exclusive Nintendo games.",product-63,85.32,48,81.1,DJF,10,FALSE,,,,,,,,,
None,SKU-75,Nintendo Switch,Sale,"Hybrid gaming console with handheld and TV modes, featuring exclusive Nintendo games.",product-75,85.32,18,50.56,MUR,5,FALSE,057801cd-8c6e-435d-a71f-6df160e67da7,,,,,,,,
4647166b-9be8-4cdc-a0ae-fc2bbf56fd21,SKU-123,Nintendo Switch,Sale,"Hybrid gaming console with handheld and TV modes, featuring exclusive Nintendo games.",product-123,85.32,38,82.32,MWK,0,TRUE,,,,,,,,,
a5a0a191-6baf-48c6-8e62-88f4cfd36fc3,SKU-126,Nintendo Switch,Sale,"Hybrid gaming console with handheld and TV modes, featuring exclusive Nintendo games.",product-126,225.56,29,81.1,MNT,0,TRUE,9c9bfb4f-eb92-4e8b-9c48-87d5d5c58fb8,,,,,,,,
71d29986-585c-4abc-a42b-89099b8567cf,SKU-146,Nintendo Switch,General,"Hybrid gaming console with handheld and TV modes, featuring exclusive Nintendo games.",product-146,656.45,46,75.45,SYP,10,TRUE,057801cd-8c6e-435d-a71f-6df160e67da7,,,,,,,,
None,SKU-5,Nikon D750,General,"A full-frame DSLR with 24.3MP resolution, excellent low-light performance, and fast autofocus.",product-5,85.32,49,82.32,DOP,0,FALSE,9c9bfb4f-eb92-4e8b-9c48-87d5d5c58fb8,,,,,,,,
None,SKU-10,Nikon D750,Sale,"A full-frame DSLR with 24.3MP resolution, excellent low-light performance, and fast autofocus.",product-10,85.32,2,50.56,SBD,0,FALSE,057801cd-8c6e-435d-a71f-6df160e67da7,,,,,,,,
None,SKU-12,Nikon D750,Featured,"A full-frame DSLR with 24.3MP resolution, excellent low-light performance, and fast autofocus.",product-12,85.32,24,50.56,KRW,20,FALSE,057801cd-8c6e-435d-a71f-6df160e67da7,,,,,,,,
a5a0a191-6baf-48c6-8e62-88f4cfd36fc3,SKU-30,Nikon D750,General,"A full-frame DSLR with 24.3MP resolution, excellent low-light performance, and fast autofocus.",product-30,656.45,38,50.56,LBP,25,FALSE,9c9bfb4f-eb92-4e8b-9c48-87d5d5c58fb8,,,,,,,,
4647166b-9be8-4cdc-a0ae-fc2bbf56fd21,SKU-64,Nikon D750,General,"A full-frame DSLR with 24.3MP resolution, excellent low-light performance, and fast autofocus.",product-64,656.45,2,82.32,JPY,15,TRUE,,,,,,,,,
4647166b-9be8-4cdc-a0ae-fc2bbf56fd21,SKU-85,Nikon D750,Hot Deals,"A full-frame DSLR with 24.3MP resolution, excellent low-light performance, and fast autofocus.",product-85,85.32,6,75.45,UYW,15,TRUE,,,,,,,,,
None,SKU-91,Nikon D750,Hot Deals,"A full-frame DSLR with 24.3MP resolution, excellent low-light performance, and fast autofocus.",product-91,85.32,47,75.45,NGN,0,FALSE,9c9bfb4f-eb92-4e8b-9c48-87d5d5c58fb8,,,,,,,,
a5a0a191-6baf-48c6-8e62-88f4cfd36fc3,SKU-131,Nikon D750,Featured,"A full-frame DSLR with 24.3MP resolution, excellent low-light performance, and fast autofocus.",product-131,656.45,45,81.1,SGD,15,TRUE,057801cd-8c6e-435d-a71f-6df160e67da7,,,,,,,,
a5a0a191-6baf-48c6-8e62-88f4cfd36fc3,SKU-148,Nikon D750,Hot Deals,"A full-frame DSLR with 24.3MP resolution, excellent low-light performance, and fast autofocus.",product-148,85.32,21,50.56,WST,20,TRUE,057801cd-8c6e-435d-a71f-6df160e67da7,,,,,,,,
None,SKU-2,MacBook Air M2,Featured,"Apple's thinnest laptop featuring the M2 chip, a Liquid Retina display, and all-day battery life.",product-2,456.1,5,50.56,TND,0,TRUE,"	9c9bfb4f-eb92-4e8b-9c48-87d5d5c58fb8	",,,,,,,,
4647166b-9be8-4cdc-a0ae-fc2bbf56fd21,SKU-26,MacBook Air M2,Hot Deals,"Apple's thinnest laptop featuring the M2 chip, a Liquid Retina display, and all-day battery life.",product-26,656.45,35,81.1,VUV,20,FALSE,057801cd-8c6e-435d-a71f-6df160e67da7,,,,,,,,
a5a0a191-6baf-48c6-8e62-88f4cfd36fc3,SKU-65,MacBook Air M2,Featured,"Apple's thinnest laptop featuring the M2 chip, a Liquid Retina display, and all-day battery life.",product-65,85.32,22,75.45,CNY,10,TRUE,,,,,,,,,
71d29986-585c-4abc-a42b-89099b8567cf,SKU-121,MacBook Air M2,Hot Deals,"Apple's thinnest laptop featuring the M2 chip, a Liquid Retina display, and all-day battery life.",product-121,85.32,18,75.45,TND,5,TRUE,,,,,,,,,
4647166b-9be8-4cdc-a0ae-fc2bbf56fd21,SKU-138,MacBook Air M2,Hot Deals,"Apple's thinnest laptop featuring the M2 chip, a Liquid Retina display, and all-day battery life.",product-138,656.45,11,82.32,XCD,20,TRUE,057801cd-8c6e-435d-a71f-6df160e67da7,,,,,,,,
71d29986-585c-4abc-a42b-89099b8567cf,SKU-44,Logitech MX Master 3,Hot Deals,An ergonomic wireless mouse with precision scrolling and multi-device support.,product-44,225.56,39,82.32,LRD,20,TRUE,,,,,,,,,
a5a0a191-6baf-48c6-8e62-88f4cfd36fc3,SKU-57,Logitech MX Master 3,Featured,An ergonomic wireless mouse with precision scrolling and multi-device support.,product-57,225.56,13,50.56,YER,25,TRUE,,,,,,,,,
a5a0a191-6baf-48c6-8e62-88f4cfd36fc3,SKU-61,Logitech MX Master 3,Sale,An ergonomic wireless mouse with precision scrolling and multi-device support.,product-61,85.32,0,81.1,BWP,25,FALSE,,,,,,,,,
71d29986-585c-4abc-a42b-89099b8567cf,SKU-78,Logitech MX Master 3,General,An ergonomic wireless mouse with precision scrolling and multi-device support.,product-78,656.45,19,81.1,AMD,0,FALSE,,,,,,,,,
a5a0a191-6baf-48c6-8e62-88f4cfd36fc4,SKU-33,LG OLED TV,Featured,"Stunning OLED display with perfect blacks, high refresh rate, and Dolby Vision support.",product-33,85.32,28,75.45,SLL,15,FALSE,526c5165-4fef-47dd-9ee3-5fd33a1c8d88,,,,,,,,
a5a0a191-6baf-48c6-8e62-88f4cfd36fc7,SKU-36,LG OLED TV,Sale,"Stunning OLED display with perfect blacks, high refresh rate, and Dolby Vision support.",product-36,656.45,17,82.32,RSD,15,FALSE,9c9bfb4f-eb92-4e8b-9c48-87d5d5c58fb8,,,,,,,,
None,SKU-72,LG OLED TV,General,"Stunning OLED display with perfect blacks, high refresh rate, and Dolby Vision support.",product-72,85.32,25,81.1,MUR,15,FALSE,9c9bfb4f-eb92-4e8b-9c48-87d5d5c58fb8,,,,,,,,
a5a0a191-6baf-48c6-8e62-88f4cfd36fc3,SKU-80,LG OLED TV,Featured,"Stunning OLED display with perfect blacks, high refresh rate, and Dolby Vision support.",product-80,85.32,26,50.56,THB,15,FALSE,,,,,,,,,
71d29986-585c-4abc-a42b-89099b8567cf,SKU-83,LG OLED TV,Featured,"Stunning OLED display with perfect blacks, high refresh rate, and Dolby Vision support.",product-83,656.45,38,50.56,WST,10,TRUE,,,,,,,,,
None,SKU-93,LG OLED TV,Sale,"Stunning OLED display with perfect blacks, high refresh rate, and Dolby Vision support.",product-93,85.32,40,50.56,MAD,0,FALSE,9c9bfb4f-eb92-4e8b-9c48-87d5d5c58fb8,,,,,,,,
71d29986-585c-4abc-a42b-89099b8567cf,SKU-116,LG OLED TV,Hot Deals,"Stunning OLED display with perfect blacks, high refresh rate, and Dolby Vision support.",product-116,656.45,4,50.56,ZMW,10,FALSE,,,,,,,,,
4647166b-9be8-4cdc-a0ae-fc2bbf56fd21,SKU-127,LG OLED TV,Sale,"Stunning OLED display with perfect blacks, high refresh rate, and Dolby Vision support.",product-127,456.1,4,75.45,BHD,15,TRUE,9c9bfb4f-eb92-4e8b-9c48-87d5d5c58fb8,,,,,,,,
71d29986-585c-4abc-a42b-89099b8567cf,SKU-149,LG OLED TV,Featured,"Stunning OLED display with perfect blacks, high refresh rate, and Dolby Vision support.",product-149,85.32,32,81.1,HKD,25,TRUE,057801cd-8c6e-435d-a71f-6df160e67da7,,,,,,,,
None,SKU-8,KitchenAid Stand Mixer,Featured,A versatile stand mixer for baking with a durable design and multiple attachments.,product-8,656.45,0,81.1,MVR,10,TRUE,9c9bfb4f-eb92-4e8b-9c48-87d5d5c58fb8,,,,,,,,
4647166b-9be8-4cdc-a0ae-fc2bbf56fd21,SKU-67,KitchenAid Stand Mixer,Featured,A versatile stand mixer for baking with a durable design and multiple attachments.,product-67,456.1,1,81.1,IQD,0,FALSE,,,,,,,,,
a5a0a191-6baf-48c6-8e62-88f4cfd36fc3,SKU-100,KitchenAid Stand Mixer,Hot Deals,A versatile stand mixer for baking with a durable design and multiple attachments.,product-100,225.56,7,82.32,SLL,30,FALSE,,,,,,,,,
4647166b-9be8-4cdc-a0ae-fc2bbf56fd21,SKU-108,KitchenAid Stand Mixer,Featured,A versatile stand mixer for baking with a durable design and multiple attachments.,product-108,656.45,19,81.1,KYD,10,FALSE,,,,,,,,,
None,SKU-19,Kindle Paperwhite,General,A waterproof e-reader with an adjustable warm light and weeks of battery life.,product-19,225.56,34,75.45,XSU,15,TRUE,9c9bfb4f-eb92-4e8b-9c48-87d5d5c58fb8,,,,,,,,
None,SKU-25,Kindle Paperwhite,Sale,A waterproof e-reader with an adjustable warm light and weeks of battery life.,product-25,312,35,50.56,ZMW,15,FALSE,9c9bfb4f-eb92-4e8b-9c48-87d5d5c58fb8,,,,,,,,
71d29986-585c-4abc-a42b-89099b8567cf,SKU-53,Kindle Paperwhite,Hot Deals,A waterproof e-reader with an adjustable warm light and weeks of battery life.,product-53,656.45,6,50.56,CHE,5,FALSE,,,,,,,,,
4647166b-9be8-4cdc-a0ae-fc2bbf56fd21,SKU-62,Kindle Paperwhite,General,A waterproof e-reader with an adjustable warm light and weeks of battery life.,product-62,656.45,13,81.1,UYW,25,TRUE,,,,,,,,,
None,SKU-71,Kindle Paperwhite,General,A waterproof e-reader with an adjustable warm light and weeks of battery life.,product-71,656.45,3,50.56,UYI,0,TRUE,9c9bfb4f-eb92-4e8b-9c48-87d5d5c58fb8,,,,,,,,
71d29986-585c-4abc-a42b-89099b8567cf,SKU-95,Kindle Paperwhite,Sale,A waterproof e-reader with an adjustable warm light and weeks of battery life.,product-95,85.32,45,81.1,GMD,0,FALSE,,,,,,,,,
4647166b-9be8-4cdc-a0ae-fc2bbf56fd21,SKU-104,Kindle Paperwhite,Hot Deals,A waterproof e-reader with an adjustable warm light and weeks of battery life.,product-104,225.56,36,75.45,UZS,0,TRUE,,,,,,,,,
4647166b-9be8-4cdc-a0ae-fc2bbf56fd21,SKU-124,JBL Flip 6,General,A portable Bluetooth speaker with powerful bass and waterproof design.,product-124,656.45,44,50.56,CHW,5,TRUE,,,,,,,,,
71d29986-585c-4abc-a42b-89099b8567cf,SKU-128,JBL Flip 6,General,A portable Bluetooth speaker with powerful bass and waterproof design.,product-128,85.32,47,50.56,PYG,10,TRUE,9c9bfb4f-eb92-4e8b-9c48-87d5d5c58fb8,,,,,,,,
a5a0a191-6baf-48c6-8e62-88f4cfd36fc3,SKU-133,JBL Flip 6,Featured,A portable Bluetooth speaker with powerful bass and waterproof design.,product-133,85.32,44,81.1,BOV,25,TRUE,057801cd-8c6e-435d-a71f-6df160e67da7,,,,,,,,
71d29986-585c-4abc-a42b-89099b8567cf,SKU-132,iPhone 14,Featured,"The latest iPhone with a 6.1-inch Super Retina XDR display, A15 Bionic chip, and dual-camera system.",product-132,85.32,13,75.45,ERN,15,TRUE,057801cd-8c6e-435d-a71f-6df160e67da7,,,,,,,,
71d29986-585c-4abc-a42b-89099b8567cf,SKU-27,HP Spectre x360,Featured,A 2-in-1 laptop with a convertible touchscreen display and premium build quality.,product-27,656.45,34,81.1,NAD,10,TRUE,057801cd-8c6e-435d-a71f-6df160e67da7,,,,,,,,
71d29986-585c-4abc-a42b-89099b8567cf,SKU-81,HP Spectre x360,General,A 2-in-1 laptop with a convertible touchscreen display and premium build quality.,product-81,656.45,15,75.45,XOF,30,FALSE,,,,,,,,,
4647166b-9be8-4cdc-a0ae-fc2bbf56fd21,SKU-94,HP Spectre x360,General,A 2-in-1 laptop with a convertible touchscreen display and premium build quality.,product-94,656.45,13,50.56,GMD,10,FALSE,,,,,,,,,
a5a0a191-6baf-48c6-8e62-88f4cfd36fc3,SKU-98,HP Spectre x360,Featured,A 2-in-1 laptop with a convertible touchscreen display and premium build quality.,product-98,85.32,37,81.1,ZMW,5,TRUE,,,,,,,,,
71d29986-585c-4abc-a42b-89099b8567cf,SKU-112,HP Spectre x360,Featured,A 2-in-1 laptop with a convertible touchscreen display and premium build quality.,product-112,656.45,34,50.56,ARS,30,TRUE,,,,,,,,,
None,SKU-1,GoPro Hero 11,Featured,A compact action camera with 5.3K video recording and HyperSmooth stabilization.,product-1,656.45,15,50.56,XPF,10,FALSE,9c9bfb4f-eb92-4e8b-9c48-87d5d5c58fb8,,,,,,,,
None,SKU-4,GoPro Hero 11,Hot Deals,A compact action camera with 5.3K video recording and HyperSmooth stabilization.,product-4,456.1,14,50.56,CLF,20,FALSE,9c9bfb4f-eb92-4e8b-9c48-87d5d5c58fb8,,,,,,,,
None,SKU-11,GoPro Hero 11,Featured,A compact action camera with 5.3K video recording and HyperSmooth stabilization.,product-11,225.56,34,50.56,LKR,5,FALSE,057801cd-8c6e-435d-a71f-6df160e67da7,,,,,,,,
None,SKU-20,GoPro Hero 11,Hot Deals,A compact action camera with 5.3K video recording and HyperSmooth stabilization.,product-20,225.56,34,82.32,TJS,15,FALSE,9c9bfb4f-eb92-4e8b-9c48-87d5d5c58fb8,,,,,,,,
71d29986-585c-4abc-a42b-89099b8567cf,SKU-29,GoPro Hero 11,Sale,A compact action camera with 5.3K video recording and HyperSmooth stabilization.,product-29,85.32,45,50.56,PGK,30,FALSE,057801cd-8c6e-435d-a71f-6df160e67da7,,,,,,,,
71d29986-585c-4abc-a42b-89099b8567cf,SKU-47,GoPro Hero 11,Sale,A compact action camera with 5.3K video recording and HyperSmooth stabilization.,product-47,85.32,41,50.56,MAD,10,TRUE,,,,,,,,,
None,SKU-74,GoPro Hero 11,General,A compact action camera with 5.3K video recording and HyperSmooth stabilization.,product-74,225.56,33,75.45,MRU,20,TRUE,057801cd-8c6e-435d-a71f-6df160e67da7,,,,,,,,
71d29986-585c-4abc-a42b-89099b8567cf,SKU-79,GoPro Hero 11,Sale,A compact action camera with 5.3K video recording and HyperSmooth stabilization.,product-79,656.45,22,75.45,ETB,30,FALSE,,,,,,,,,
a5a0a191-6baf-48c6-8e62-88f4cfd36fc3,SKU-106,GoPro Hero 11,Featured,A compact action camera with 5.3K video recording and HyperSmooth stabilization.,product-106,85.32,26,50.56,DZD,5,FALSE,,,,,,,,,
71d29986-585c-4abc-a42b-89099b8567cf,SKU-110,GoPro Hero 11,Featured,A compact action camera with 5.3K video recording and HyperSmooth stabilization.,product-110,85.32,16,75.45,BAM,20,TRUE,,,,,,,,,
None,SKU-16,Google Pixel 7,Sale,"Google's flagship phone with the Tensor G2 chip, great cameras, and stock Android experience.",product-16,225.56,1,81.1,MXN,25,TRUE,9c9bfb4f-eb92-4e8b-9c48-87d5d5c58fb8,,,,,,,,
None,SKU-23,Google Pixel 7,Sale,"Google's flagship phone with the Tensor G2 chip, great cameras, and stock Android experience.",product-23,85.32,13,81.1,SAR,15,FALSE,057801cd-8c6e-435d-a71f-6df160e67da7,,,,,,,,
71d29986-585c-4abc-a42b-89099b8567cf,SKU-51,Google Pixel 7,Featured,"Google's flagship phone with the Tensor G2 chip, great cameras, and stock Android experience.",product-51,456.1,5,82.32,VND,20,FALSE,,,,,,,,,
71d29986-585c-4abc-a42b-89099b8567cf,SKU-117,Google Pixel 7,Sale,"Google's flagship phone with the Tensor G2 chip, great cameras, and stock Android experience.",product-117,225.56,47,75.45,JOD,20,TRUE,,,,,,,,,
4647166b-9be8-4cdc-a0ae-fc2bbf56fd21,SKU-136,Google Pixel 7,Featured,"Google's flagship phone with the Tensor G2 chip, great cameras, and stock Android experience.",product-136,85.32,11,82.32,ALL,10,TRUE,057801cd-8c6e-435d-a71f-6df160e67da7,,,,,,,,
a5a0a191-6baf-48c6-8e62-88f4cfd36fc3,SKU-32,Garmin Fenix 7,Featured,A rugged GPS smartwatch with advanced fitness tracking and solar charging.,product-32,85.32,0,81.1,PLN,30,TRUE,526c5165-4fef-47dd-9ee3-5fd33a1c8d88,,,,,,,,
a5a0a191-6baf-48c6-8e62-88f4cfd36fc3,SKU-40,Garmin Fenix 7,Hot Deals,A rugged GPS smartwatch with advanced fitness tracking and solar charging.,product-40,225.56,0,82.32,KMF,0,TRUE,057801cd-8c6e-435d-a71f-6df160e67da7,,,,,,,,
71d29986-585c-4abc-a42b-89099b8567cf,SKU-50,Garmin Fenix 7,General,A rugged GPS smartwatch with advanced fitness tracking and solar charging.,product-50,85.32,8,50.56,MGA,0,TRUE,,,,,,,,,
None,SKU-70,Garmin Fenix 7,Featured,A rugged GPS smartwatch with advanced fitness tracking and solar charging.,product-70,225.56,42,50.56,TOP,0,FALSE,9c9bfb4f-eb92-4e8b-9c48-87d5d5c58fb8,,,,,,,,
4647166b-9be8-4cdc-a0ae-fc2bbf56fd21,SKU-103,Garmin Fenix 7,Featured,A rugged GPS smartwatch with advanced fitness tracking and solar charging.,product-103,85.32,24,81.1,TND,25,TRUE,,,,,,,,,
4647166b-9be8-4cdc-a0ae-fc2bbf56fd21,SKU-105,Garmin Fenix 7,Featured,A rugged GPS smartwatch with advanced fitness tracking and solar charging.,product-105,85.32,16,81.1,EGP,5,FALSE,,,,,,,,,
71d29986-585c-4abc-a42b-89099b8567cf,SKU-143,Garmin Fenix 7,Hot Deals,A rugged GPS smartwatch with advanced fitness tracking and solar charging.,product-143,656.45,3,50.56,CAD,20,TRUE,057801cd-8c6e-435d-a71f-6df160e67da7,,,,,,,,
None,SKU-17,Fitbit Charge 5,Sale,"An advanced fitness tracker with built-in GPS, heart rate monitoring, and stress tracking.",product-17,656.45,50,81.1,MVR,25,TRUE,9c9bfb4f-eb92-4e8b-9c48-87d5d5c58fb8,,,,,,,,
None,SKU-18,Fitbit Charge 5,General,"An advanced fitness tracker with built-in GPS, heart rate monitoring, and stress tracking.",product-18,656.45,32,82.32,GTQ,0,TRUE,9c9bfb4f-eb92-4e8b-9c48-87d5d5c58fb9,,,,,,,,
71d29986-585c-4abc-a42b-89099b8567cf,SKU-54,Fitbit Charge 5,Featured,"An advanced fitness tracker with built-in GPS, heart rate monitoring, and stress tracking.",product-54,225.56,22,81.1,MAD,25,FALSE,,,,,,,,,
71d29986-585c-4abc-a42b-89099b8567cf,SKU-55,Fitbit Charge 5,General,"An advanced fitness tracker with built-in GPS, heart rate monitoring, and stress tracking.",product-55,85.32,8,75.45,BSD,10,TRUE,,,,,,,,,
a5a0a191-6baf-48c6-8e62-88f4cfd36fc3,SKU-88,Fitbit Charge 5,Hot Deals,"An advanced fitness tracker with built-in GPS, heart rate monitoring, and stress tracking.",product-88,85.32,1,50.56,PAB,20,TRUE,,,,,,,,,
71d29986-585c-4abc-a42b-89099b8567cf,SKU-101,Fitbit Charge 5,Hot Deals,"An advanced fitness tracker with built-in GPS, heart rate monitoring, and stress tracking.",product-101,656.45,41,75.45,ERN,5,FALSE,,,,,,,,,
71d29986-585c-4abc-a42b-89099b8567cf,SKU-31,Echo Dot (5th Gen),General,A smart speaker with Alexa and improved sound quality.,product-31,225.56,11,81.1,EUR,30,FALSE,9c9bfb4f-eb92-4e8b-9c48-87d5d5c58fb8,,,,,,,,
None,SKU-73,Echo Dot (5th Gen),Featured,A smart speaker with Alexa and improved sound quality.,product-73,85.32,10,81.1,ANG,20,TRUE,057801cd-8c6e-435d-a71f-6df160e67da7,,,,,,,,
4647166b-9be8-4cdc-a0ae-fc2bbf56fd21,SKU-137,Echo Dot (5th Gen),Sale,A smart speaker with Alexa and improved sound quality.,product-137,456.1,49,75.45,SBD,15,TRUE,057801cd-8c6e-435d-a71f-6df160e67da7,,,,,,,,
None,SKU-14,Dyson V15 Detect,Hot Deals,A powerful cordless vacuum with laser dust detection and intelligent suction.,product-14,225.56,32,75.45,TWD,30,TRUE,9c9bfb4f-eb92-4e8b-9c48-87d5d5c58fb8,,,,,,,,
71d29986-585c-4abc-a42b-89099b8567cf,SKU-42,Dyson V15 Detect,Featured,A powerful cordless vacuum with laser dust detection and intelligent suction.,product-42,85.32,5,81.1,MGA,15,TRUE,057801cd-8c6e-435d-a71f-6df160e67da7,,,,,,,,
4647166b-9be8-4cdc-a0ae-fc2bbf56fd21,SKU-76,Dyson V15 Detect,Hot Deals,A powerful cordless vacuum with laser dust detection and intelligent suction.,product-76,85.32,35,50.56,VES,0,TRUE,057801cd-8c6e-435d-a71f-6df160e67da7,,,,,,,,
71d29986-585c-4abc-a42b-89099b8567cf,SKU-129,Dyson V15 Detect,Sale,A powerful cordless vacuum with laser dust detection and intelligent suction.,product-129,225.56,43,50.56,THB,10,TRUE,057801cd-8c6e-435d-a71f-6df160e67da7,,,,,,,,
71d29986-585c-4abc-a42b-89099b8567cf,SKU-140,Dyson V15 Detect,General,A powerful cordless vacuum with laser dust detection and intelligent suction.,product-140,85.32,29,75.45,BRL,15,TRUE,057801cd-8c6e-435d-a71f-6df160e67da7,,,,,,,,
a5a0a191-6baf-48c6-8e62-88f4cfd36fc5,SKU-34,Dell XPS 13,Hot Deals,"A sleek, lightweight ultrabook with a 13.4-inch InfinityEdge display and Intel Core i7 processor.",product-34,656.45,29,50.56,XUA,10,TRUE,,,,,,,,,
a5a0a191-6baf-48c6-8e62-88f4cfd36fc9,SKU-38,Dell XPS 13,Featured,"A sleek, lightweight ultrabook with a 13.4-inch InfinityEdge display and Intel Core i7 processor.",product-38,656.45,48,75.45,PEN,10,FALSE,9c9bfb4f-eb92-4e8b-9c48-87d5d5c58fb8,,,,,,,,
4647166b-9be8-4cdc-a0ae-fc2bbf56fd21,SKU-114,Dell XPS 13,Hot Deals,"A sleek, lightweight ultrabook with a 13.4-inch InfinityEdge display and Intel Core i7 processor.",product-114,225.56,37,81.1,BAM,10,FALSE,,,,,,,,,
71d29986-585c-4abc-a42b-89099b8567cf,SKU-130,Dell XPS 13,Featured,"A sleek, lightweight ultrabook with a 13.4-inch InfinityEdge display and Intel Core i7 processor.",product-130,225.56,50,50.56,BMD,0,TRUE,057801cd-8c6e-435d-a71f-6df160e67da7,,,,,,,,
a5a0a191-6baf-48c6-8e62-88f4cfd36fc3,SKU-135,Dell XPS 13,General,"A sleek, lightweight ultrabook with a 13.4-inch InfinityEdge display and Intel Core i7 processor.",product-135,85.32,30,81.1,USN,30,TRUE,057801cd-8c6e-435d-a71f-6df160e67da7,,,,,,,,
a5a0a191-6baf-48c6-8e62-88f4cfd36fc3,SKU-139,Dell XPS 13,Featured,"A sleek, lightweight ultrabook with a 13.4-inch InfinityEdge display and Intel Core i7 processor.",product-139,656.45,2,81.1,BRL,10,TRUE,057801cd-8c6e-435d-a71f-6df160e67da7,,,,,,,,
71d29986-585c-4abc-a42b-89099b8567cf,SKU-145,Canon EOS R5,Featured,"A high-end mirrorless camera with 8K video, 45MP sensor, and advanced autofocus.",product-145,85.32,28,81.1,NPR,5,TRUE,9c9bfb4f-eb92-4e8b-9c48-87d5d5c58fb8,,,,,,,,
None,SKU-22,Bose QuietComfort 45,Featured,Comfortable noise-canceling headphones with deep bass and long battery life.,product-22,225.56,30,75.45,SYP,15,FALSE,057801cd-8c6e-435d-a71f-6df160e67da7,,,,,,,,
71d29986-585c-4abc-a42b-89099b8567cf,SKU-56,Bose QuietComfort 45,Hot Deals,Comfortable noise-canceling headphones with deep bass and long battery life.,product-56,656.45,46,50.56,BWP,20,FALSE,,,,,,,,,
4647166b-9be8-4cdc-a0ae-fc2bbf56fd21,SKU-87,Bose QuietComfort 45,Sale,Comfortable noise-canceling headphones with deep bass and long battery life.,product-87,225.56,12,82.32,DKK,20,FALSE,,,,,,,,,
None,SKU-92,Bose QuietComfort 45,Sale,Comfortable noise-canceling headphones with deep bass and long battery life.,product-92,656.45,24,50.56,LKR,20,TRUE,9c9bfb4f-eb92-4e8b-9c48-87d5d5c58fb8,,,,,,,,
71d29986-585c-4abc-a42b-89099b8567cf,SKU-96,Bose QuietComfort 45,Featured,Comfortable noise-canceling headphones with deep bass and long battery life.,product-96,225.56,32,75.45,LAK,15,FALSE,,,,,,,,,
71d29986-585c-4abc-a42b-89099b8567cf,SKU-109,Bose QuietComfort 45,Featured,Comfortable noise-canceling headphones with deep bass and long battery life.,product-109,656.45,49,81.1,EGP,5,TRUE,,,,,,,,,
4647166b-9be8-4cdc-a0ae-fc2bbf56fd21,SKU-111,Bose QuietComfort 45,General,Comfortable noise-canceling headphones with deep bass and long battery life.,product-111,656.45,34,50.56,MUR,20,TRUE,,,,,,,,,
71d29986-585c-4abc-a42b-89099b8567cf,SKU-119,Bose QuietComfort 45,Hot Deals,Comfortable noise-canceling headphones with deep bass and long battery life.,product-119,85.32,13,50.56,SYP,5,TRUE,,,,,,,,,
71d29986-585c-4abc-a42b-89099b8567cf,SKU-142,Bose QuietComfort 45,Featured,Comfortable noise-canceling headphones with deep bass and long battery life.,product-142,656.45,1,50.56,HUF,5,TRUE,057801cd-8c6e-435d-a71f-6df160e67da7,,,,,,,,
71d29986-585c-4abc-a42b-89099b8567cf,SKU-144,Bose QuietComfort 45,Sale,Comfortable noise-canceling headphones with deep bass and long battery life.,product-144,225.56,6,81.1,TND,10,TRUE,9c9bfb4f-eb92-4e8b-9c48-87d5d5c58fb8,,,,,,,,
None,SKU-13,ASUS ROG Zephyrus G14,Featured,A compact gaming laptop with AMD Ryzen processor and RTX graphics.,product-13,656.45,36,81.1,LKR,15,TRUE,057801cd-8c6e-435d-a71f-6df160e67da7,,,,,,,,
None,SKU-24,ASUS ROG Zephyrus G14,Hot Deals,A compact gaming laptop with AMD Ryzen processor and RTX graphics.,product-24,456.1,37,50.56,AOA,20,TRUE,9c9bfb4f-eb92-4e8b-9c48-87d5d5c58fb8,,,,,,,,
a5a0a191-6baf-48c6-8e62-88f4cfd36fc3,SKU-39,ASUS ROG Zephyrus G14,Sale,A compact gaming laptop with AMD Ryzen processor and RTX graphics.,product-39,85.32,3,75.45,TZS,15,FALSE,057801cd-8c6e-435d-a71f-6df160e67da7,,,,,,,,
71d29986-585c-4abc-a42b-89099b8567cf,SKU-107,ASUS ROG Zephyrus G14,Featured,A compact gaming laptop with AMD Ryzen processor and RTX graphics.,product-107,456.1,40,50.56,MNT,10,FALSE,,,,,,,,,
71d29986-585c-4abc-a42b-89099b8567cf,SKU-115,ASUS ROG Zephyrus G14,Featured,A compact gaming laptop with AMD Ryzen processor and RTX graphics.,product-115,85.32,42,75.45,RWF,25,FALSE,,,,,,,,,
4647166b-9be8-4cdc-a0ae-fc2bbf56fd21,SKU-125,ASUS ROG Zephyrus G14,Sale,A compact gaming laptop with AMD Ryzen processor and RTX graphics.,product-125,85.32,44,50.56,ETB,10,TRUE,057801cd-8c6e-435d-a71f-6df160e67da7,,,,,,,,
None,SKU-6,Apple Watch Series 8,General,"Advanced smartwatch with health tracking, crash detection, and always-on display.",product-6,656.45,15,50.56,LSL,15,TRUE,057801cd-8c6e-435d-a71f-6df160e67da7,,,,,,,,
a5a0a191-6baf-48c6-8e62-88f4cfd36fc3,SKU-59,Apple Watch Series 8,Sale,"Advanced smartwatch with health tracking, crash detection, and always-on display.",product-59,85.32,15,81.1,UYW,10,TRUE,,,,,,,,,
None,SKU-9,Apple iPad Pro,Featured,"A powerful tablet with the M2 chip, ProMotion display, and Apple Pencil support.",product-9,85.32,9,75.45,TRY,0,FALSE,9c9bfb4f-eb92-4e8b-9c48-87d5d5c58fb8,,,,,,,,
None,SKU-15,Apple iPad Pro,Hot Deals,"A powerful tablet with the M2 chip, ProMotion display, and Apple Pencil support.",product-15,85.32,31,81.1,PAB,30,FALSE,9c9bfb4f-eb92-4e8b-9c48-87d5d5c58fb9,,,,,,,,
71d29986-585c-4abc-a42b-89099b8567cf,SKU-52,Apple iPad Pro,Hot Deals,"A powerful tablet with the M2 chip, ProMotion display, and Apple Pencil support.",product-52,656.45,10,50.56,MNT,10,TRUE,,,,,,,,,
71d29986-585c-4abc-a42b-89099b8567cf,SKU-66,Apple iPad Pro,Hot Deals,"A powerful tablet with the M2 chip, ProMotion display, and Apple Pencil support.",product-66,225.56,44,82.32,COU,0,FALSE,,,,,,,,,
71d29986-585c-4abc-a42b-89099b8567cf,SKU-113,Apple iPad Pro,Hot Deals,"A powerful tablet with the M2 chip, ProMotion display, and Apple Pencil support.",product-113,656.45,42,81.1,BYN,20,TRUE,,,,,,,,,
