id,title,category_id,slug,description
"00000000-0000-0000-0000-000000000000",Other Services,1,other-services,Description of other services
"cb88cfee-a05f-41f1-aa23-9b2e62181e39",Haircut,301,beauty_salon_haircut,"We provide various Hair styles such as Layers, Feathers, bangs, Saggy, U-Cut, V-cut, etc etc."
"59a48f9b-de84-4f3f-8ece-cd4ff4f36971",Hair Spa,302,beauty_parlour_hair-spa,"Hair-spa includes an extensive process that involves deep cleansing, massaging, steaming and masking to make hair healthy and shiny"
"792ae390-130e-4db5-bf21-24092a71f04e",Manicure,302,beauty_parlour_manicure,"Manicure involves care of the hands and fingernails, involving shaping the nails, removing cuticles, etc"
"9ce82d5a-7d71-4afc-961e-f7d66081a1f2",Pedicure,302,beauty_parlour_pedicure,"Pedicure involves the care of legs and toes involving trimming, shaping, removing cuticles, etc."
"04baa0d6-eaa9-4400-a883-217a593d22a2",Facial,302,beauty_parlour_facial,"Cleansing, Scrubbing, Massage, steaming, exfoliation, extraction, facial masks, peels, etc."
"ee9c30bb-de0b-426c-82ee-710ead3104e6",Hair Colour,301,beauty_salon_hair-color,"Highlighting, Henna, Bleaching, colouring"
"a249723c-20ed-4c73-86b1-072304fed79e",Threading,302,beauty_parlour_threading,"Eyebrows, upper lips threading, etc."
"7f2c6f76-a4c7-4667-ae68-a1539be14a38",Waxing,302,beauty_parlour_waxing,""
"455f8156-8550-4025-a9bf-a28cb29f7637",Makeups,302,beauty_parlour_makeups,"Contour, Highlight, Eye Shadow, Eye-lining, Mascara, Cleansing, toner, foundation, bronzer."
"5753bcec-c4e7-4962-a3a1-cb6c1f2c9437",Hairstyling,301,beauty_salon_hairstyling,"Straight, curley, wavy,"
"039667b5-8df7-4fda-9472-ad0841554fd4",Head Massage,303,beauty_massage-spa_head-massage,""
"9210048a-7844-4789-9202-16dbf150c02e",Back Massage,303,beauty_massage-spa_back-massage,""
"8c6cf727-e8bb-4429-b6d5-a40374ebbf80",Thigh Massage,303,beauty_massage-spa_thigh-massage,""
"fa80be69-d902-45b1-9dd8-b1b4f5d6b14e",Feet Massage,303,beauty_massage-spa_feet-massage,""
"2ca41504-fd39-48f0-8b2a-3e19c6baa238",Facial Massage,303,beauty_massage-spa_facial-massage,""
"c75f0d50-12d7-468b-8bce-9d0c17ab5959",Whole Body Massage,303,beauty_massage-spa_whole-body-massage,""
"aea115e6-199d-4879-8b10-27ebdd78e6a0",Hair Care,301,beauty_salon_hair-care,"Oiling, Vitamin, Massage, Washing and rinsing"
"bf37ccdb-6bdc-4597-b265-7689509b48af",Mehendi,301,beauty_salon_mehendi,""
"8a7d0915-096f-4c66-b4d6-0d6c0822f185",Nails,301,beauty_salon_nails,"Nail-art, Fake-nail Extension"
"6c8efe61-7de4-44f5-88e9-53ff3a8ab52e",Bike Rental,2601,rental_vehicle-rental_bike,""
"ac3b3881-f60e-4609-b3f2-c7d4436faadd",Scooter Rental,2601,rental_vehicle-rental_scooter,""
"a1efca90-39ba-4c6e-ae11-f8f4ca961f27",Car Rental,2601,rental_vehicle-rental_car-rental,""
"8874d583-c40a-4603-87ce-a8df60b133f2",Van Rental,2601,rental_vehicle-rental_van-rental,""
"e706a8d3-0825-409f-b318-d12c13785b9e",Jeep Rental,2601,rental_vehicle-rental_jeep-rental,""
"b3b9801c-20d6-421c-834a-1f6d7c92a9d6",Bus Rental,2601,rental_vehicle-rental_bus-rental,""
"ad947716-0736-454f-b056-65e036ea9b77",Truck Rental,2601,rental_vehicle-rental_truck-rental,""
"48774ede-59b7-4062-b863-08f121e405c4",Apartment Rental,2602,rental_real-estate-rental_appartment-rental,""
"77676217-85a5-4d34-81a0-0f324c640682",Flat Rental,2602,rental_real-estate-rental_flat-rental,""
"6213e86a-72f4-43f3-bedc-4bba491740a3",House Rental,2602,rental_real-estate-rental_house,""
"26d9a699-37dc-474c-a5ab-41ee42350f38",Land Rental,2602,rental_real-estate-rental_land,""
"bfc9e445-5da3-4c21-8855-043a131235df",Other Places,2602,rental_real-estate-rental_other,""
"eebadb5f-016d-4c4b-974d-f25242976a55",Milk Delivery,1901,logistics_delivery_milk,""
"c5cd1286-be34-4d56-9e1f-b6bf040c76a0",Food Delivery,1901,logistics_delivery_food,""
"d9dc2e5e-1a9c-430a-af70-0334f8934caf",Tank Water Delivery,1901,logistics_delivery_tank-water,""
"f29dae40-d1ed-4009-a5bd-c6d3ac00edcb",Drinking Water Delivery,1901,logistics_delivery_drinking-water,""
"db8d94d0-3ea2-4d7e-a714-7cb1540ffcee",Gas cylinder Delivery,1901,logistics_delivery_gas-cylinder,""
"4d0bee98-5c71-4228-abdc-a1bc0a85127e",Newspaper Delivery,1901,logistics_delivery_newspaper,""
"1174466f-4aea-40a7-9c0b-663e7bda5f9f",Veterinary Clinical Service,201,agriculture_veterinary_clinic,"Small Animals, Large Animals, Birds, Reptiles, Fishes"
"0262aa67-a544-4e4c-a62a-6169b9e8bced",Veterinary Laboratory Service,201,agriculture_veterinary_lab,"Bacteriology, Haematology, Serology, Histopathology, Microbiology"
"5b161b87-2ede-4e01-b3a0-93ec0432a022",Veterinary Public Health Services,201,agriculture_veterinary_public_health,""
"dd1cfd6d-ef7c-4369-ae60-ce6c72a36a6f",Veterinary Postmortem Services,201,agriculture_veterinary_postmortem,""
"f4e2a2e6-9738-4aca-a0ee-f8229eeba574",Wild-life Conservation and Management Services,201,agriculture_veterinary_wildlife,""
