id,username,first_name,middle_name,last_name,email,phone,password,is_active,is_superuser,is_email_verified
dfe7684f-faad-4c6e-8da1-140f92994160,anima_acharya,Anima,,Acharya,animaacharya@cagtu.com,1234567890,p@55w0rd,TRUE,FALSE,TRUE
5f6d8527-849e-4e8b-b674-56ce36b4692f,anil_nepali,Anil,,Nepali,anilnepali@cagtu.com,,,,,
3f1dff20-7264-421a-a0f4-a7f25ab9b251,simon_tamang,Simon,,Tamang,simontamang@cagtu.com,,,,,
6eed2443-a69e-49e3-82fd-7e09dd8ad07d,sharad_sharma,Sharad,,Sharma,sharadsharma@cagtu.com,,,,,
722ac6dc-e7de-4d9c-8cc0-368756a622b2,dipesh_das,Dipesh,Kumar,Das,dipeshdas@cagtu.com,,,,,
5513f585-d3c5-46e8-ad85-cb1ef7ae522d,milap_dangol,Milap,,Dangol,milapdangol@cagtu.com,,,,,
6b924604-babf-4c61-8b4d-72021d9dc410,sonica_suwal,Sonica,,Suwal,sonicasuwal@cagtu.com,,,,,
8584408b-8448-4d19-b053-9d1d7f1d2f7d,tribhuwan_kushwaha,Tribhuwan,,Kushwaha,tribhuwankushwaha@cagtu.com,,,,,
91130a69-f740-431e-a842-fb5cc941823d,sudip_ghimire,Sudip,,Ghimire,sudipghimire@cagtu.com,,,,,
d02e6e9f-dfb4-4f7c-9a1c-a4f94d349ac8,suman_parajuli,Suman,,Parajuli,sumanparajuli@cagtu.com,,,,,
cf4eb095-463e-476c-854c-a0bfa30aba5b,tej_chaudhary,Tej,Narayan,Chaudhary,tejchaudhary@cagtu.com,,,,,
4f5691f1-c0ab-4986-b0fc-f75cdd1f9a4d,subash_poudel,Subash,,Poudel,subashpoudel@cagtu.com,,,,,
eb739fea-cd6c-49ac-ba26-baaa8898702f,samikshya_basnet,Samikshya,,Basnet,samikshyabasnet@cagtu.com,,,,,
75f47ddf-2fef-4a7f-ada1-cf1656375dd3,vivek_singh,Vivek,Kumar,Singh,viveksingh@cagtu.com,,,,,
80c94b01-7bd2-4e17-9664-704f97939a83,sandip_thapa,Sandip,,Thapa,sandipthapa@cagtu.com,,,,,
128743d4-042d-4c4f-a3c4-d05c138c9c5f,sachin_aryal,Sachin,,Aryal,sachinaryal@cagtu.com,,,,,
a9e2293c-530a-4988-96f2-c9541aee337d,niti_upadhyay,Niti,,Upadhyay,nitiupadhyay@cagtu.com,,,,,
9ef7a6df-254e-45f1-a693-1ef574f77844,anusha_bajracharya,Anusha,,Bajracharya,anushabajracharya@cagtu.com,,,,,
d3fe04cd-fab8-41fd-bcff-13749e9b59cc,preeti_basyal,Preeti,,Basyal,preetibasyal@cagtu.com,,,,,
9610c275-c26c-4505-b178-709cbf837f63,sabbir_shahi,Sabbir,,Shahi,sabbirshahi@cagtu.com,,,,,
